1,37.966660,23.728308,1405594957
1,37.966627,23.728263,1405594966
1,37.966625,23.728263,1405594974
1,37.966613,23.728375,1405594984
1,37.966203,23.728597,1405594992
1,37.966195,23.728613,1405595001
1,37.966195,23.728613,1405595009
1,37.966195,23.728613,1405595017
1,37.966195,23.728613,1405595026
1,37.966195,23.728613,1405595034
1,37.966195,23.728613,1405595043
1,37.966180,23.728662,1405595051
1,37.965937,23.728440,1405595059
1,37.965377,23.727717,1405595068
1,37.965000,23.727242,1405595076
1,37.964968,23.727183,1405595085
1,37.964982,23.727120,1405595093
1,37.964823,23.726953,1405595102
1,37.964168,23.726123,1405595110
1,37.963533,23.725330,1405595119
1,37.963158,23.724863,1405595127
1,37.963158,23.724872,1405595135
1,37.963158,23.724872,1405595144
1,37.963063,23.724733,1405595152
1,37.962587,23.724213,1405595161
1,37.961983,23.723453,1405595169
1,37.961273,23.722412,1405595178
1,37.960345,23.721210,1405595186
1,37.959587,23.720195,1405595195
1,37.958717,23.719082,1405595203
1,37.957983,23.718175,1405595212
1,37.957065,23.717028,1405595220
1,37.956215,23.715897,1405595229
1,37.955217,23.714548,1405595237
1,37.954302,23.713370,1405595284
1,37.938042,23.692308,1405595362
1,37.938985,23.690435,1405595371
1,37.940058,23.688853,1405595379
1,37.940872,23.687423,1405595387
1,37.941705,23.685902,1405595396
1,37.942593,23.683877,1405595404
1,37.943140,23.681962,1405595413
1,37.943777,23.679647,1405595421
1,37.944117,23.677613,1405595429
1,37.944158,23.675455,1405595438
1,37.944175,23.673467,1405595447
1,37.944328,23.671412,1405595455
1,37.944340,23.669497,1405595464
1,37.944280,23.667473,1405595472
1,37.944327,23.665977,1405595481
1,37.944310,23.664312,1405595489
1,37.944300,23.663012,1405595497
1,37.944833,23.661637,1405595506
1,37.945570,23.660510,1405595514
1,37.946323,23.659393,1405595525
1,37.947278,23.657890,1405595541
1,37.948335,23.655153,1405595549
1,37.948622,23.653343,1405595558
1,37.948788,23.651910,1405595582
1,37.948168,23.647733,1405595590
1,37.948168,23.647647,1405595599
1,37.948168,23.647647,1405595607
1,37.948168,23.647647,1405595615
1,37.948147,23.647410,1405595624
1,37.947693,23.647002,1405595632
1,37.947428,23.646510,1405595640
1,37.947465,23.646450,1405595649
1,37.947465,23.646450,1405595657
1,37.947468,23.646373,1405595666
1,37.947157,23.645792,1405595674
1,37.946953,23.645350,1405595683
1,37.946652,23.644840,1405595691
1,37.946467,23.644497,1405595699
1,37.946190,23.643987,1405595708
1,37.945893,23.643327,1405595716
1,37.945623,23.642785,1405595725
1,37.945268,23.642557,1405595734
1,37.944902,23.643192,1405595742
1,37.944432,23.643655,1405595751
1,37.943733,23.643835,1405595760
1,37.943250,23.643555,1405595769
1,37.942932,23.643290,1405595777
1,37.942892,23.643263,1405595786
1,37.942892,23.643263,1405595794
1,37.942892,23.643263,1405595802
1,37.942830,23.643220,1405595811
1,37.942437,23.642862,1405595819
1,37.941752,23.642278,1405595829
1,37.940782,23.641467,1405595837
1,37.939990,23.640810,1405595846
1,37.939108,23.639942,1405595870
1,37.937198,23.639025,1405595878
1,37.936988,23.638087,1405595887
1,37.936882,23.636880,1405595895
1,37.937005,23.636063,1405595904
1,37.937412,23.635655,1405595912
1,37.937795,23.635798,1405595921
1,37.937895,23.635635,1405595930
1,37.937915,23.635460,1405595939
1,37.937888,23.635170,1405595947
1,37.937902,23.635152,1405595956
1,37.937902,23.635152,1405595964
1,37.937902,23.635152,1405595973
1,37.937785,23.635117,1405595981
1,37.937488,23.635118,1405595990
1,37.937040,23.635212,1405595998
1,37.936712,23.636157,1405596007
1,37.936710,23.637055,1405596015
1,37.936802,23.637957,1405596024
1,37.936943,23.638873,1405596032
1,37.937033,23.639472,1405596041
1,37.937228,23.639655,1405596049
1,37.937238,23.639643,1405596058
1,37.937238,23.639643,1405596066
1,37.937292,23.639455,1405596074
1,37.937165,23.638790,1405596083
1,37.936852,23.637580,1405596091
1,37.936797,23.636308,1405596100
1,37.937462,23.634823,1405596109
1,37.938193,23.633550,1405596117
1,37.938488,23.632820,1405596126
1,37.938512,23.632628,1405596134
1,37.938533,23.631848,1405596144
1,37.938598,23.630322,1405596152
1,37.938627,23.629837,1405596161
1,37.938490,23.629648,1405596169
1,37.937857,23.629080,1405596177
1,37.936942,23.628098,1405596186
1,37.936508,23.627105,1405596195
1,37.936063,23.626143,1405596203
1,37.935597,23.625688,1405596212
1,37.935490,23.625655,1405596220
2,37.946545,23.754918,1405591065
2,37.946545,23.754918,1405591073
2,37.946545,23.754918,1405591084
2,37.946413,23.754767,1405591094
2,37.946260,23.754830,1405591103
2,37.946032,23.755347,1405591112
2,37.946190,23.755707,1405591121
2,37.946298,23.756495,1405591132
2,37.946398,23.758092,1405591142
2,37.946417,23.759267,1405591151
2,37.945638,23.758867,1405591160
2,37.945638,23.758867,1405591161
2,37.945310,23.758720,1405591173
2,37.945045,23.758625,1405591181
2,37.944860,23.758528,1405591191
2,37.944530,23.758438,1405591201
2,37.944370,23.758412,1405591211
2,37.944365,23.758407,1405591222
2,37.944365,23.758407,1405591232
2,37.944365,23.758407,1405591233
2,37.944365,23.758407,1405591243
2,37.944365,23.758407,1405591253
2,37.944440,23.758473,1405591263
2,37.944440,23.758473,1405591273
2,37.944440,23.758473,1405591283
2,37.944440,23.758473,1405591293
2,37.944440,23.758473,1405591303
2,37.944440,23.758473,1405591313
2,37.944360,23.758402,1405591323
2,37.944360,23.758402,1405591334
2,37.944360,23.758402,1405591343
2,37.944360,23.758402,1405591354
2,37.944360,23.758402,1405591363
2,37.944253,23.758287,1405591373
2,37.944253,23.758287,1405591383
2,37.944253,23.758287,1405591394
2,37.944253,23.758287,1405591404
2,37.944122,23.758543,1405591414
2,37.944028,23.758845,1405591424
2,37.943680,23.759372,1405591434
2,37.943667,23.759413,1405591444
2,37.943883,23.758887,1405591455
2,37.944130,23.758447,1405591464
2,37.944563,23.758408,1405591474
2,37.945335,23.758682,1405591484
2,37.946275,23.759078,1405591494
2,37.946490,23.758197,1405591504
2,37.946472,23.757032,1405591514
2,37.946410,23.756332,1405591525
2,37.946610,23.755890,1405591534
2,37.946832,23.755435,1405591553
2,37.946408,23.754733,1405591554
2,37.946613,23.753868,1405591566
2,37.947072,23.752240,1405591577
2,37.947420,23.750965,1405591585
2,37.947752,23.749795,1405591596
2,37.947990,23.748742,1405591606
2,37.948578,23.748302,1405591615
2,37.949037,23.747990,1405591625
2,37.948908,23.747512,1405591637
2,37.948515,23.746622,1405591645
2,37.948235,23.746048,1405591655
2,37.948210,23.746008,1405591665
2,37.948315,23.745587,1405591675
2,37.949028,23.745038,1405591695
2,37.949095,23.744995,1405591696
2,37.949095,23.744995,1405591707
2,37.949233,23.744773,1405591717
2,37.949852,23.743415,1405591728
2,37.950422,23.741990,1405591736
2,37.951070,23.740727,1405591753
2,37.952180,23.739680,1405591756
2,37.952647,23.738902,1405591767
2,37.953153,23.738813,1405591778
2,37.953935,23.738745,1405591786
2,37.955235,23.738728,1405591798
2,37.956243,23.738712,1405591806
2,37.957025,23.738582,1405591818
2,37.957750,23.738318,1405591826
2,37.958310,23.738062,1405591838
2,37.959182,23.737662,1405591846
2,37.960028,23.737338,1405591860
2,37.961073,23.736750,1405591866
2,37.962257,23.735873,1405591878
2,37.963432,23.735048,1405591886
2,37.964325,23.734362,1405591898
2,37.965268,23.733788,1405591906
2,37.966242,23.733192,1405591923
2,37.966752,23.733292,1405591926
2,37.966737,23.733203,1405591939
2,37.966737,23.733203,1405591946
2,37.966737,23.733203,1405591959
2,37.966803,23.733282,1405591966
2,37.967312,23.733368,1405591978
2,37.967825,23.732755,1405591986
2,37.968168,23.731920,1405592000
2,37.968682,23.731652,1405592006
2,37.969292,23.731625,1405592018
2,37.969300,23.731620,1405592026
2,37.969473,23.731623,1405592043
2,37.970278,23.731868,1405592046
2,37.970427,23.732210,1405592058
2,37.970470,23.732330,1405592069
2,37.970815,23.732928,1405592076
2,37.971213,23.733268,1405592088
2,37.971493,23.733498,1405592099
2,37.971528,23.733575,1405592106
2,37.971772,23.733777,1405592120
2,37.971853,23.733823,1405592126
2,37.971853,23.733823,1405592138
2,37.972070,23.734022,1405592147
2,37.972518,23.734418,1405592158
2,37.972760,23.734593,1405592167
2,37.973087,23.734897,1405592179
2,37.973327,23.735027,1405592187
2,37.973812,23.735227,1405592201
2,37.974043,23.735287,1405592207
2,37.974418,23.735370,1405592219
2,37.974820,23.735522,1405592227
2,37.974915,23.735533,1405592237
2,37.974988,23.735548,1405592254
2,37.974988,23.735548,1405592257
2,37.974988,23.735548,1405592269
2,37.975087,23.735558,1405592277
2,37.975115,23.735605,1405592289
2,37.975505,23.735697,1405592297
2,37.975755,23.735737,1405592310
2,37.975755,23.735737,1405592317
2,37.975755,23.735737,1405592330
2,37.975755,23.735737,1405592337
2,37.975755,23.735737,1405592349
2,37.975755,23.735737,1405592357
2,37.975842,23.735705,1405592374
2,37.976087,23.735522,1405592377
2,37.976092,23.735523,1405592389
2,37.976123,23.735243,1405592397
2,37.976135,23.735257,1405592409
2,37.976227,23.735328,1405592417
2,37.976252,23.735267,1405592429
2,37.976268,23.734515,1405592437
2,37.976275,23.734345,1405592449
2,37.976247,23.734288,1405592457
2,37.976292,23.734113,1405592469
2,37.976367,23.733658,1405592477
2,37.976442,23.733253,1405592489
2,37.976498,23.733193,1405592497
2,37.976522,23.733073,1405592509
2,37.976528,23.732903,1405592517
2,37.976522,23.732592,1405592530
2,37.976598,23.732322,1405592537
2,37.976587,23.731775,1405592550
2,37.976627,23.731327,1405592558
2,37.976662,23.730908,1405592569
2,37.976763,23.730487,1405592582
2,37.976748,23.729772,1405592588
2,37.976893,23.729203,1405592598
2,37.976993,23.729008,1405592608
2,37.977067,23.728513,1405592620
2,37.977140,23.728043,1405592628
2,37.977152,23.727637,1405592638
2,37.977227,23.727265,1405592648
2,37.977307,23.726835,1405592660
2,37.977392,23.726548,1405592668
2,37.977515,23.726537,1405592682
2,37.977935,23.726647,1405592688
2,37.978410,23.726795,1405592700
2,37.978892,23.726868,1405592708
2,37.979343,23.727030,1405592718
2,37.979327,23.726925,1405592732
2,37.979327,23.726925,1405592738
2,37.979327,23.726925,1405592750
2,37.979327,23.726925,1405592758
2,37.979327,23.726925,1405592770
2,37.979565,23.726882,1405592778
2,37.979750,23.726943,1405592789
2,37.979845,23.726978,1405592801
2,37.979792,23.727335,1405592811
2,37.979832,23.727703,1405592818
2,37.979757,23.727950,1405592830
2,37.979712,23.728378,1405592838
2,37.979682,23.728588,1405592850
2,37.979633,23.728860,1405592858
2,37.979575,23.729190,1405592870
2,37.979480,23.729645,1405592885
2,37.979488,23.729698,1405592889
2,37.979415,23.729905,1405592898
2,37.979390,23.730403,1405592910
2,37.979710,23.730968,1405592919
2,37.979953,23.731205,1405592931
2,37.980067,23.731472,1405592939
2,37.980100,23.731502,1405592951
2,37.980100,23.731502,1405592959
2,37.980100,23.731502,1405592969
2,37.980100,23.731502,1405592981
2,37.980100,23.731502,1405592989
2,37.980100,23.731502,1405593003
2,37.980110,23.731540,1405593009
2,37.979705,23.731960,1405593021
2,37.979692,23.731945,1405593029
2,37.979618,23.731958,1405593041
2,37.979618,23.731958,1405593049
2,37.979382,23.732233,1405593061
2,37.979043,23.732552,1405593071
2,37.978918,23.732683,1405593079
2,37.978782,23.732830,1405593093
2,37.978528,23.733035,1405593099
2,37.978197,23.733235,1405593109
2,37.977738,23.733530,1405593119
2,37.977520,23.733705,1405593132
2,37.977520,23.733705,1405593139
2,37.977520,23.733705,1405593151
2,37.977453,23.733700,1405593159
2,37.977542,23.733737,1405593171
2,37.977570,23.733828,1405593183
2,37.977658,23.733902,1405593189
2,37.977725,23.734037,1405593201
2,37.977708,23.734088,1405593209
2,37.977708,23.734088,1405593221
2,37.977830,23.734200,1405593229
2,37.977830,23.734200,1405593241
2,37.977830,23.734200,1405593256
2,37.977773,23.734258,1405593259
2,37.977875,23.734452,1405593272
2,37.977900,23.734483,1405593280
2,37.977998,23.734558,1405593291
2,37.978018,23.734578,1405593299
2,37.978098,23.734690,1405593311
2,37.978110,23.734898,1405593323
2,37.978083,23.734917,1405593330
2,37.978353,23.735060,1405593394
2,37.978258,23.737002,1405593395
2,37.977907,23.737268,1405593407
2,37.977385,23.737728,1405593415
2,37.976662,23.737767,1405593436
2,37.976542,23.737723,1405593437
2,37.976542,23.737723,1405593447
2,37.976568,23.737607,1405593459
2,37.976567,23.737590,1405593472
2,37.976307,23.737503,1405593477
2,37.975883,23.737917,1405593493
2,37.975735,23.739002,1405593497
2,37.975588,23.740193,1405593511
2,37.975477,23.741245,1405593517
2,37.975370,23.742218,1405593529
2,37.975325,23.743213,1405593538
2,37.975482,23.744043,1405593549
2,37.975670,23.744927,1405593557
2,37.975677,23.744973,1405593571
2,37.975678,23.745047,1405593577
2,37.975680,23.745058,1405593589
2,37.975830,23.745720,1405593604
2,37.975248,23.746080,1405593607
2,37.974648,23.746277,1405593619
2,37.974585,23.746312,1405593627
2,37.974585,23.746312,1405593639
2,37.974585,23.746312,1405593647
2,37.974585,23.746312,1405593659
2,37.974585,23.746312,1405593667
2,37.974585,23.746312,1405593679
2,37.974492,23.746352,1405593687
2,37.973990,23.746507,1405593699
2,37.973590,23.746672,1405593707
2,37.973213,23.746820,1405593721
2,37.973213,23.746820,1405593727
2,37.973213,23.746820,1405593740
2,37.973013,23.746938,1405593748
2,37.973013,23.746938,1405593759
2,37.972747,23.747085,1405593767
2,37.972747,23.747085,1405593780
2,37.972747,23.747085,1405593789
2,37.972723,23.747177,1405593802
2,37.972727,23.746228,1405593808
2,37.972773,23.745382,1405593819
2,37.972512,23.745545,1405593832
2,37.971960,23.745973,1405593838
2,37.971745,23.745708,1405593852
2,37.971707,23.745682,1405593858
2,37.971707,23.745682,1405593860
2,37.971767,23.745605,1405593869
2,37.971757,23.745632,1405593877
2,37.971757,23.745632,1405593889
2,37.971757,23.745632,1405593897
2,37.971787,23.745513,1405593907
2,37.971752,23.745502,1405593920
2,37.971778,23.745538,1405593928
3,37.926738,23.935701,1405591810
3,37.927245,23.935000,1405591818
3,37.926763,23.934286,1405591827
3,37.925858,23.933482,1405591835
3,37.924696,23.932521,1405591844
3,37.923221,23.931273,1405591852
3,37.921373,23.929563,1405591860
3,37.919536,23.927809,1405591869
3,37.917384,23.925732,1405591877
3,37.915783,23.923409,1405591886
3,37.914642,23.920250,1405591894
3,37.914065,23.917329,1405591904
3,37.913392,23.913886,1405591913
3,37.912506,23.910959,1405591921
3,37.911348,23.908412,1405591930
3,37.910000,23.905464,1405591938
3,37.909001,23.903086,1405591947
3,37.908733,23.900673,1405591955
3,37.910123,23.898520,1405591964
3,37.912155,23.896749,1405591973
3,37.914451,23.895061,1405591981
3,37.916695,23.893726,1405591990
3,37.919235,23.892202,1405591998
3,37.921490,23.890860,1405592007
3,37.923974,23.889418,1405592015
3,37.926227,23.888326,1405592024
3,37.928649,23.887515,1405592032
3,37.931280,23.886863,1405592041
3,37.933604,23.886564,1405592049
3,37.936102,23.886670,1405592057
3,37.937665,23.886831,1405592066
3,37.938476,23.886800,1405592074
3,37.938495,23.886799,1405592083
3,37.938582,23.886799,1405592091
3,37.939430,23.886733,1405592100
3,37.940969,23.886598,1405592108
3,37.942597,23.886467,1405592117
3,37.944413,23.886462,1405592125
3,37.946648,23.886460,1405592133
3,37.948781,23.886464,1405592142
3,37.951296,23.886472,1405592150
3,37.953593,23.886468,1405592159
3,37.956234,23.886476,1405592168
3,37.958891,23.886466,1405592176
3,37.961193,23.886208,1405592185
3,37.963816,23.885367,1405592193
3,37.966016,23.884165,1405592205
3,37.969157,23.881458,1405592215
3,37.971129,23.879409,1405592224
3,37.973260,23.877162,1405592234
3,37.975053,23.875285,1405592243
3,37.976823,23.873436,1405592252
3,37.978740,23.871562,1405592261
3,37.981104,23.870325,1405592274
3,37.984749,23.870273,1405592283
3,37.986783,23.870941,1405592291
3,37.988711,23.871589,1405592300
3,37.990952,23.872402,1405592308
3,37.992495,23.873055,1405592317
3,37.992495,23.873055,1405592322
3,37.994643,23.872791,1405592339
3,37.994889,23.872559,1405592339
3,37.995924,23.869378,1405592348
3,37.996228,23.867068,1405592356
3,37.996474,23.864718,1405592365
3,37.996781,23.861645,1405592373
3,37.997125,23.858810,1405592381
3,37.997479,23.855909,1405592390
3,37.997672,23.852768,1405592398
3,37.997376,23.849872,1405592407
3,37.996673,23.846802,1405592415
3,37.997104,23.844414,1405592423
3,37.998803,23.843760,1405592434
3,38.001081,23.845571,1405592464
3,38.006569,23.843877,1405592473
3,38.008491,23.843124,1405592481
3,38.009589,23.841679,1405592490
3,38.009444,23.839140,1405592498
3,38.008424,23.837013,1405592508
3,38.006339,23.836772,1405592516
3,38.005374,23.836880,1405592524
3,38.005374,23.836880,1405592533
3,38.001644,23.833160,1405592541
3,38.000712,23.831063,1405592552
3,38.000712,23.831063,1405592560
3,37.998143,23.826934,1405592569
3,37.997274,23.825813,1405592577
3,37.995262,23.823275,1405592586
3,37.993953,23.821647,1405592594
3,37.992591,23.819869,1405592603
3,37.991891,23.817309,1405592611
3,37.991350,23.815067,1405592620
3,37.989865,23.813703,1405592628
3,37.987292,23.813239,1405592639
3,37.985641,23.811558,1405592647
3,37.984756,23.809242,1405592655
3,37.983606,23.807128,1405592664
3,37.980301,23.805714,1405592677
3,37.978778,23.804101,1405592686
3,37.978101,23.801870,1405592694
3,37.977495,23.799448,1405592702
3,37.976345,23.797229,1405592711
3,37.974434,23.795215,1405592725
3,37.972378,23.792090,1405592734
3,37.970463,23.791383,1405592744
3,37.968691,23.790147,1405592752
3,37.965315,23.774655,1405592838
3,37.965467,23.773623,1405592847
3,37.965605,23.773292,1405592856
3,37.965653,23.773242,1405592866
3,37.965868,23.772799,1405592875
3,37.966276,23.771946,1405592883
3,37.966594,23.771068,1405592892
3,37.966588,23.770094,1405592900
3,37.966521,23.769296,1405592908
3,37.966570,23.768221,1405592917
3,37.966751,23.767133,1405592925
3,37.966896,23.766274,1405592934
3,37.967072,23.765331,1405592943
3,37.967293,23.764384,1405592953
3,37.967465,23.763450,1405592961
3,37.967569,23.762835,1405592970
3,37.967692,23.762197,1405592978
3,37.967712,23.762061,1405592987
3,37.967871,23.761249,1405592995
3,37.968017,23.760447,1405593004
3,37.968199,23.759424,1405593012
3,37.968409,23.758392,1405593021
3,37.968550,23.757643,1405593029
3,37.968727,23.756733,1405593038
3,37.968968,23.755552,1405593046
3,37.969165,23.754519,1405593055
3,37.969331,23.753694,1405593063
3,37.969328,23.753684,1405593072
3,37.969328,23.753684,1405593080
3,37.969310,23.753445,1405593089
3,37.969147,23.752891,1405593097
3,37.968590,23.751899,1405593106
3,37.967958,23.750735,1405593114
3,37.967744,23.750318,1405593123
3,37.967708,23.750235,1405593131
3,37.967486,23.749733,1405593140
3,37.967182,23.749426,1405593148
3,37.966721,23.748613,1405593156
3,37.966214,23.747861,1405593165
3,37.965617,23.746695,1405593174
3,37.965214,23.745842,1405593182
3,37.964780,23.745124,1405593191
3,37.964183,23.744088,1405593200
3,37.963662,23.743128,1405593208
3,37.963344,23.742521,1405593217
3,37.964429,23.741483,1405593241
3,37.964710,23.741237,1405593257
3,37.965251,23.741059,1405593284
3,37.965251,23.741059,1405593292
3,37.965251,23.741059,1405593300
3,37.965251,23.741059,1405593309
3,37.965251,23.741059,1405593317
3,37.965251,23.741059,1405593326
3,37.965277,23.741009,1405593334
3,37.965277,23.741009,1405593342
3,37.965277,23.741009,1405593351
3,37.965277,23.741009,1405593357
3,37.965277,23.741009,1405593363
3,37.965277,23.741009,1405593372
3,37.965277,23.741009,1405593380
3,37.965277,23.741009,1405593389
3,37.965277,23.741009,1405593397
3,37.965277,23.741009,1405593405
3,37.965277,23.741009,1405593414
3,37.965277,23.741009,1405593422
3,37.965277,23.741009,1405593430
3,37.965277,23.741009,1405593441
3,37.965277,23.741009,1405593449
3,37.965277,23.741009,1405593457
3,37.965277,23.741009,1405593466
3,37.965277,23.741009,1405593474
3,37.965277,23.741009,1405593483
3,37.965277,23.741009,1405593491
3,37.965277,23.741009,1405593499
3,37.965277,23.741009,1405593508
3,37.965277,23.741009,1405593516
3,37.965277,23.741009,1405593525
3,37.965277,23.741009,1405593533
3,37.965277,23.741009,1405593541
3,37.965258,23.741044,1405593550
3,37.965266,23.741040,1405593558
3,37.965282,23.741050,1405593567
3,37.965256,23.741077,1405593575
3,37.965216,23.741120,1405593584
3,37.965195,23.741161,1405593593
3,37.965188,23.741168,1405593601
3,37.965195,23.741139,1405593610
3,37.965204,23.741114,1405593618
3,37.965204,23.741105,1405593627
3,37.965211,23.741094,1405593635
3,37.965240,23.741096,1405593645
3,37.965307,23.741145,1405593653
3,37.965385,23.741349,1405593662
3,37.965623,23.741277,1405593671
3,37.965772,23.741438,1405593679
3,37.965979,23.741524,1405593687
3,37.966177,23.741615,1405593696
3,37.966533,23.741406,1405593705
3,37.966628,23.741148,1405593713
3,37.966350,23.740579,1405593722
3,37.965912,23.739729,1405593733
3,37.965482,23.738784,1405593743
3,37.965404,23.738533,1405593756
3,37.966195,23.738177,1405593765
3,37.966672,23.737999,1405593780
3,37.966336,23.736843,1405593798
3,37.965829,23.735430,1405593807
3,37.965660,23.735049,1405593817
3,37.965640,23.734998,1405593826
3,37.965813,23.734791,1405593834
3,37.966022,23.734550,1405593844
3,37.965748,23.734066,1405593852
3,37.965567,23.733633,1405593860
3,37.965567,23.733633,1405593869
3,37.965567,23.733633,1405593877
3,37.965567,23.733633,1405593886
3,37.965567,23.733633,1405593894
3,37.965567,23.733633,1405593903
3,37.965510,23.733292,1405593911
3,37.965494,23.733135,1405593920
3,37.965359,23.732867,1405593928
3,37.965354,23.732705,1405593937
3,37.965385,23.732666,1405593946
3,37.965526,23.732493,1405593954
3,37.965526,23.732493,1405593963
3,37.965719,23.732260,1405593971
3,37.965780,23.732186,1405593980
3,37.965956,23.731986,1405593989
3,37.966095,23.731791,1405593997
3,37.966095,23.731791,1405594005
3,37.966095,23.731791,1405594014
3,37.966095,23.731791,1405594022
3,37.966095,23.731791,1405594030
3,37.966095,23.731791,1405594039
3,37.966095,23.731791,1405594047
3,37.966095,23.731791,1405594055
3,37.966106,23.731744,1405594064
3,37.966390,23.731354,1405594072
3,37.966189,23.730894,1405594081
3,37.965495,23.730121,1405594090
3,37.965399,23.729708,1405594098
3,37.965399,23.729708,1405594107
3,37.965399,23.729708,1405594115
3,37.965399,23.729708,1405594123
3,37.965415,23.729332,1405594132
3,37.965160,23.728236,1405594140
3,37.964551,23.726994,1405594149
3,37.963464,23.726323,1405594157
3,37.963038,23.725799,1405594166
3,37.962639,23.725287,1405594174
3,37.962623,23.725261,1405594183
3,37.962623,23.725261,1405594191
3,37.962623,23.725261,1405594199
3,37.962623,23.725261,1405594208
3,37.962623,23.725261,1405594216
3,37.962623,23.725261,1405594224
3,37.962560,23.725201,1405594233
3,37.961956,23.724449,1405594241
3,37.961353,23.723174,1405594250
3,37.961291,23.721391,1405594258
3,37.960912,23.720539,1405594267
3,37.960315,23.720991,1405594275
3,37.959825,23.720503,1405594284
3,37.958855,23.719291,1405594292
3,37.957521,23.717569,1405594302
3,37.955877,23.715484,1405594310
3,37.954301,23.713464,1405594319
3,37.952506,23.711147,1405594333
3,37.949716,23.707572,1405594342
3,37.947878,23.705200,1405594351
3,37.945779,23.702485,1405594360
3,37.944279,23.700551,1405594369
3,37.942852,23.698731,1405594377
3,37.941635,23.697176,1405594386
3,37.940424,23.695624,1405594394
3,37.938877,23.694455,1405594402
3,37.937960,23.692863,1405594411
3,37.938688,23.690717,1405594419
3,37.939821,23.689188,1405594437
3,37.942154,23.684937,1405594446
3,37.943048,23.682357,1405594454
3,37.943709,23.679961,1405594469
3,37.944167,23.675230,1405594477
3,37.944267,23.672738,1405594486
3,37.944355,23.670127,1405594495
3,37.944321,23.667758,1405594504
3,37.944366,23.665759,1405594513
3,37.944310,23.664164,1405594521
3,37.944267,23.662652,1405594530
3,37.945010,23.661211,1405594538
3,37.945888,23.659910,1405594547
3,37.946802,23.658624,1405594556
3,37.947588,23.657464,1405594564
3,37.948115,23.656160,1405594573
3,37.948406,23.655007,1405594582
3,37.948598,23.653654,1405594590
3,37.948745,23.652458,1405594599
3,37.948616,23.651363,1405594608
3,37.948611,23.651174,1405594617
3,37.948583,23.651124,1405594625
3,37.948583,23.651124,1405594634
3,37.948583,23.651124,1405594642
3,37.948410,23.650908,1405594650
3,37.947747,23.650445,1405594659
3,37.946700,23.649870,1405594667
3,37.945897,23.649421,1405594676
3,37.945249,23.648996,1405594684
3,37.945080,23.648961,1405594693
3,37.944852,23.648726,1405594701
3,37.944634,23.648606,1405594710
3,37.943795,23.650076,1405594750
3,37.943587,23.650445,1405594759
3,37.943576,23.650513,1405594767
3,37.943576,23.650513,1405594775
3,37.943576,23.650513,1405594784
3,37.943528,23.650602,1405594792
3,37.943412,23.650843,1405594800
3,37.943236,23.651140,1405594809
3,37.943277,23.651338,1405594817
3,37.943618,23.651609,1405594825
3,37.943989,23.651906,1405594834
3,37.944041,23.651905,1405594842
3,37.944088,23.651843,1405594851
3,37.944133,23.651771,1405594859
3,37.944240,23.651556,1405594867
3,37.944491,23.651136,1405594877
3,37.944598,23.650718,1405594887
3,37.944334,23.650479,1405594896
3,37.943992,23.650244,1405594904
3,37.943982,23.650237,1405594913
3,37.944007,23.650219,1405594921
3,37.943844,23.650086,1405594930
3,37.943529,23.649888,1405594938
3,37.943189,23.649581,1405594947
3,37.943024,23.649408,1405594955
3,37.942935,23.649572,1405594964
3,37.942696,23.650023,1405594972
3,37.942468,23.650007,1405594982
3,37.942138,23.649708,1405594990
3,37.942142,23.649708,1405594999
3,37.942025,23.649605,1405595007
3,37.942025,23.649605,1405595016
3,37.941940,23.649567,1405595024
3,37.941902,23.649544,1405595033
3,37.941850,23.649469,1405595041
3,37.941806,23.649422,1405595050
3,37.941793,23.649411,1405595058
3,37.941714,23.649309,1405595066
3,37.941238,23.648886,1405595075
3,37.940772,23.648535,1405595083
3,37.940392,23.648185,1405595092
3,37.940096,23.647881,1405595100
3,37.939994,23.647789,1405595108
3,37.939987,23.647787,1405595117
3,37.939987,23.647787,1405595125
3,37.939987,23.647787,1405595134
3,37.939985,23.647760,1405595142
3,37.940112,23.647447,1405595151
3,37.940363,23.646995,1405595159
3,37.940637,23.646486,1405595167
3,37.940690,23.646327,1405595176
4,38.018001,23.730222,1405591942
4,38.018001,23.730222,1405591952
4,38.018106,23.729468,1405591960
4,38.018226,23.728704,1405591968
4,38.018551,23.728647,1405591977
4,38.019037,23.728865,1405591985
4,38.019336,23.728960,1405591993
4,38.019336,23.728960,1405592003
4,38.019336,23.728960,1405592014
4,38.019398,23.728953,1405592024
4,38.019685,23.729040,1405592032
4,38.020191,23.729302,1405592042
4,38.020539,23.729497,1405592052
4,38.020539,23.729497,1405592062
4,38.020539,23.729497,1405592072
4,38.020539,23.729497,1405592080
4,38.020780,23.729668,1405592088
4,38.020639,23.730342,1405592101
4,38.019922,23.732528,1405592111
4,38.019597,23.734200,1405592123
4,38.019564,23.735323,1405592132
4,38.019562,23.735345,1405592142
4,38.019562,23.735345,1405592152
4,38.019562,23.735345,1405592162
4,38.019562,23.735345,1405592172
4,38.019562,23.735345,1405592182
4,38.019562,23.735345,1405592190
4,38.019547,23.735437,1405592200
4,38.019982,23.735563,1405592213
4,38.021023,23.735672,1405592223
4,38.021511,23.735833,1405592236
4,38.021894,23.735748,1405592246
5,37.867469,23.753909,1405589293
5,37.867469,23.753909,1405589302
5,37.867515,23.753706,1405589312
5,37.867732,23.752911,1405589324
5,37.867965,23.752040,1405589336
5,37.868290,23.750792,1405589350
5,37.868344,23.750778,1405589361
5,37.868344,23.750782,1405589371
5,37.868653,23.751019,1405589380
5,37.869411,23.751761,1405589390
5,37.870777,23.752648,1405589399
5,37.872139,23.753449,1405589410
5,37.873435,23.754169,1405589419
5,37.874407,23.754727,1405589430
5,37.875222,23.755408,1405589442
5,37.875466,23.756305,1405589453
5,37.875462,23.756310,1405589461
5,37.875460,23.756309,1405589471
5,37.875460,23.756310,1405589480
5,37.875460,23.756310,1405589490
5,37.875460,23.756310,1405589500
5,37.875460,23.756311,1405589509
5,37.875460,23.756311,1405589519
5,37.875101,23.756645,1405589529
5,37.873586,23.757442,1405589539
5,37.871980,23.758272,1405589548
5,37.870918,23.758815,1405589559
5,37.870815,23.758853,1405589568
5,37.870696,23.758903,1405589579
5,37.869718,23.759327,1405589589
5,37.868067,23.760008,1405589600
5,37.866141,23.760788,1405589611
5,37.864119,23.761589,1405589622
5,37.862235,23.762344,1405589632
5,37.860942,23.763019,1405589644
5,37.859237,23.764085,1405589655
5,37.857301,23.765110,1405589667
5,37.855207,23.766195,1405589675
5,37.853945,23.766799,1405589687
5,37.851910,23.767559,1405589698
5,37.850140,23.768203,1405589707
5,37.848958,23.768630,1405589717
5,37.847475,23.769157,1405589729
5,37.845388,23.769995,1405589739
5,37.843612,23.770796,1405589748
5,37.842342,23.771371,1405589758
5,37.840619,23.772094,1405589770
5,37.838200,23.772599,1405589782
5,37.836069,23.772620,1405589791
5,37.835483,23.772489,1405589799
5,37.835491,23.772491,1405589810
5,37.835496,23.772491,1405589825
5,37.835496,23.772491,1405589842
5,37.834323,23.772320,1405589855
5,37.833658,23.772408,1405589866
5,37.833660,23.772423,1405589890
5,37.833659,23.772424,1405589899
5,37.833659,23.772424,1405589909
5,37.833428,23.772717,1405589918
5,37.833554,23.773745,1405589927
5,37.833647,23.774760,1405589938
5,37.833569,23.775714,1405589947
5,37.833119,23.776004,1405589956
5,37.832859,23.776693,1405589967
5,37.832560,23.777152,1405589976
5,37.831893,23.776969,1405589985
5,37.831577,23.776902,1405589996
5,37.831569,23.776872,1405590005
5,37.831569,23.776872,1405590015
5,37.831569,23.776871,1405590024
5,37.831568,23.776870,1405590033
5,37.831567,23.776867,1405590043
5,37.831567,23.776868,1405590052
5,37.831501,23.776861,1405590065
5,37.831260,23.776857,1405590082
5,37.831251,23.777731,1405590092
5,37.832104,23.777966,1405590105
5,37.832867,23.778152,1405590116
5,37.833154,23.778237,1405590125
5,37.833119,23.778782,1405590134
5,37.832919,23.780314,1405590144
5,37.833034,23.782259,1405590153
5,37.833327,23.784473,1405590164
5,37.833600,23.786224,1405590174
5,37.834342,23.788122,1405590183
5,37.834947,23.789675,1405590192
5,37.835047,23.790686,1405590200
5,37.835039,23.790740,1405590210
5,37.834963,23.791574,1405590219
5,37.834829,23.793182,1405590229
5,37.834739,23.794002,1405590239
5,37.834626,23.795043,1405590250
5,37.834621,23.797062,1405590259
5,37.834846,23.799029,1405590268
5,37.834997,23.800787,1405590277
5,37.834866,23.802460,1405590286
5,37.834415,23.803970,1405590294
5,37.834718,23.805258,1405590307
5,37.835854,23.806922,1405590317
5,37.836803,23.808428,1405590325
5,37.837594,23.809689,1405590336
5,37.838733,23.811516,1405590348
5,37.840006,23.813625,1405590359
5,37.841087,23.815459,1405590371
5,37.842305,23.817465,1405590382
5,37.842867,23.818351,1405590394
5,37.843873,23.819853,1405590404
5,37.844939,23.821493,1405590413
5,37.845660,23.822858,1405590423
5,37.846445,23.824367,1405590432
5,37.846913,23.825318,1405590442
5,37.847131,23.825746,1405590450
5,37.847283,23.826053,1405590460
5,37.847779,23.827053,1405590469
5,37.848570,23.828252,1405590478
5,37.849767,23.829090,1405590487
5,37.851479,23.829851,1405590497
5,37.853504,23.830785,1405590507
5,37.855407,23.831856,1405590515
5,37.856643,23.833718,1405590524
5,37.857264,23.835753,1405590533
5,37.857752,23.838134,1405590543
5,37.858163,23.840420,1405590552
5,37.858542,23.841358,1405590561
5,37.858571,23.841408,1405590570
5,37.858575,23.841412,1405590578
5,37.858814,23.841793,1405590589
5,37.859675,23.842721,1405590599
5,37.860716,23.843709,1405590607
5,37.861721,23.846011,1405590617
5,37.862735,23.847851,1405590627
5,37.864025,23.849275,1405590636
5,37.865500,23.850982,1405590645
5,37.867892,23.853504,1405590658
5,37.869444,23.855490,1405590669
5,37.871173,23.857925,1405590681
5,37.872919,23.860479,1405590690
5,37.874009,23.862480,1405590701
5,37.875010,23.864377,1405590709
5,37.875618,23.865402,1405590721
5,37.875724,23.865621,1405590730
5,37.875817,23.865752,1405590740
5,37.876559,23.866933,1405590750
5,37.877523,23.868387,1405590761
5,37.878723,23.869773,1405590770
5,37.879737,23.870948,1405590779
5,37.880691,23.872249,1405590789
5,37.881553,23.873603,1405590797
5,37.882052,23.874346,1405590807
5,37.882882,23.875306,1405590817
5,37.883770,23.876329,1405590825
5,37.884651,23.877336,1405590834
5,37.885296,23.878062,1405590843
5,37.885620,23.878402,1405590852
5,37.885719,23.878518,1405590862
5,37.886230,23.879096,1405590871
5,37.886949,23.879916,1405590881
5,37.887922,23.880939,1405590890
5,37.889253,23.881558,1405590899
5,37.890417,23.881766,1405590910
5,37.891116,23.881903,1405590919
5,37.891509,23.882698,1405590928
5,37.892181,23.883052,1405590936
5,37.892232,23.883062,1405590947
5,37.892229,23.883060,1405590956
5,37.892419,23.883111,1405590966
5,37.893392,23.883344,1405590975
5,37.894948,23.883701,1405590985
5,37.896909,23.884334,1405590995
5,37.898276,23.884899,1405591003
5,37.898354,23.884948,1405591013
5,37.898505,23.885069,1405591023
5,37.898744,23.886333,1405591032
5,37.899269,23.888237,1405591042
5,37.900233,23.890654,1405591051
5,37.901295,23.892572,1405591060
5,37.902425,23.893892,1405591068
5,37.903004,23.894512,1405591077
5,37.903058,23.894570,1405591088
5,37.903087,23.894609,1405591098
5,37.903762,23.895317,1405591107
5,37.904897,23.896547,1405591117
5,37.906165,23.898590,1405591126
5,37.907374,23.900797,1405591134
5,37.908423,23.902969,1405591143
5,37.909607,23.905475,1405591152
5,37.910793,23.907945,1405591161
5,37.911926,23.910353,1405591169
5,37.912999,23.913548,1405591180
5,37.913515,23.916027,1405591189
5,37.914049,23.918791,1405591198
5,37.914819,23.922038,1405591211
5,37.916161,23.924881,1405591221
5,37.917896,23.927011,1405591232
5,37.920031,23.929060,1405591243
5,37.922093,23.931009,1405591252
5,37.923885,23.932749,1405591261
5,37.925258,23.934038,1405591270
5,37.926587,23.935297,1405591279
5,37.928414,23.937042,1405591291
5,37.929573,23.938160,1405591304
5,37.931423,23.939967,1405591315
5,37.932744,23.941293,1405591325
5,37.933906,23.942595,1405591336
5,37.934419,23.944129,1405591346
5,37.934935,23.944992,1405591355
5,37.935558,23.945631,1405591365
5,37.936165,23.946222,1405591375
5,37.936327,23.946381,1405591384
5,37.936665,23.946726,1405591395
5,37.936977,23.947100,1405591404
5,37.937005,23.947137,1405591414
5,37.937010,23.947142,1405591423
5,37.937010,23.947142,1405591433
5,37.937010,23.947142,1405591443
5,37.937010,23.947142,1405591452
5,37.937010,23.947142,1405591462
5,37.937010,23.947143,1405591471
5,37.937010,23.947143,1405591481
5,37.937010,23.947143,1405591490
6,38.017711,23.834016,1405588360
6,38.017776,23.834146,1405588366
6,38.017776,23.834146,1405588372
6,38.018417,23.834873,1405588378
6,38.018417,23.834873,1405588384
6,38.018417,23.834873,1405588390
6,38.018417,23.834873,1405588396
6,38.018417,23.834873,1405588402
6,38.018631,23.834288,1405588408
6,38.018631,23.834288,1405588414
6,38.018631,23.834288,1405588420
6,38.018631,23.834288,1405588426
6,38.018631,23.834288,1405588432
6,38.018631,23.834288,1405588438
6,38.015827,23.830744,1405588444
6,38.015827,23.830744,1405588450
6,38.015568,23.830112,1405588456
6,38.015110,23.829523,1405588462
6,38.015110,23.829523,1405588468
6,38.014675,23.830969,1405588474
6,38.014530,23.831631,1405588480
6,38.014530,23.831631,1405588486
6,38.014530,23.831631,1405588492
6,38.014000,23.831053,1405588498
6,38.014000,23.831053,1405588504
6,38.014000,23.831053,1405588510
6,38.014000,23.831053,1405588516
6,38.013378,23.833422,1405588522
6,38.013714,23.832075,1405588528
6,38.013878,23.831413,1405588534
6,38.013901,23.830847,1405588540
6,38.013901,23.830847,1405588546
6,38.013901,23.830847,1405588552
6,38.013901,23.830847,1405588558
6,38.013901,23.830847,1405588564
6,38.013901,23.830847,1405588570
6,38.013901,23.830847,1405588576
6,38.013901,23.830847,1405588582
6,38.013901,23.830847,1405588588
6,38.013798,23.828558,1405588594
6,38.013798,23.828558,1405588600
6,38.013798,23.828558,1405588606
6,38.013798,23.828558,1405588612
6,38.013794,23.826077,1405588618
6,38.013794,23.826077,1405588624
6,38.013794,23.826077,1405588630
6,38.013794,23.826077,1405588636
6,38.013676,23.825321,1405588642
6,38.013676,23.825321,1405588648
6,38.013676,23.825321,1405588654
6,38.013676,23.825321,1405588660
6,38.013676,23.825321,1405588666
6,38.013676,23.825321,1405588672
6,38.013676,23.825321,1405588678
6,38.013863,23.825006,1405588684
6,38.013802,23.824430,1405588690
6,38.013802,23.824430,1405588696
6,38.013802,23.824430,1405588702
6,38.013802,23.824430,1405588708
6,38.013802,23.824430,1405588714
6,38.013802,23.824430,1405588720
6,38.013802,23.824430,1405588726
6,38.013802,23.824430,1405588732
6,38.013729,23.823404,1405588738
6,38.013729,23.823404,1405588748
6,38.013866,23.822573,1405588752
6,38.013866,23.822573,1405588760
6,38.013866,23.822573,1405588765
6,38.013866,23.822573,1405588770
6,38.013866,23.822573,1405588777
6,38.013866,23.822573,1405588782
6,38.013725,23.822716,1405588788
6,38.013725,23.822716,1405588795
6,38.013725,23.822716,1405588801
6,38.013725,23.822716,1405588807
6,38.013725,23.822716,1405588813
6,38.013725,23.822716,1405588818
6,38.013725,23.822716,1405588825
6,38.013725,23.822716,1405588831
6,38.013725,23.822716,1405588836
6,38.013725,23.822716,1405588842
6,38.013588,23.821495,1405588848
6,38.013588,23.821495,1405588855
6,38.013710,23.820177,1405588861
6,38.013710,23.820177,1405588867
6,38.013710,23.820177,1405588873
6,38.013710,23.820177,1405588880
6,38.013710,23.820177,1405588886
6,38.013710,23.820177,1405588895
6,38.013710,23.820177,1405588897
6,38.013710,23.820177,1405588902
6,38.013710,23.820177,1405588908
6,38.013710,23.820177,1405588914
6,38.013710,23.820177,1405588920
6,38.013710,23.820177,1405588926
6,38.013710,23.820177,1405588932
6,38.013069,23.818928,1405588938
6,38.013069,23.818928,1405588944
6,38.012718,23.816990,1405588950
6,38.012718,23.816990,1405588956
6,38.012520,23.815989,1405588962
6,38.012363,23.815353,1405588968
6,38.012157,23.814505,1405588974
6,38.011654,23.812792,1405588980
6,38.011654,23.812792,1405588986
6,38.011375,23.811895,1405588992
6,38.011375,23.811895,1405588998
6,38.010502,23.809658,1405589004
6,38.010502,23.809658,1405589010
6,38.009537,23.806673,1405589016
6,38.009537,23.806673,1405589022
6,38.008511,23.804945,1405589028
6,38.008358,23.804169,1405589034
6,38.008358,23.804169,1405589040
6,38.008358,23.804169,1405589046
6,38.008118,23.803627,1405589052
6,38.007572,23.802294,1405589058
6,38.007572,23.802294,1405589064
6,38.007442,23.800760,1405589070
6,38.007442,23.800760,1405589076
6,38.006775,23.798758,1405589082
6,38.006775,23.798758,1405589088
6,38.006397,23.797491,1405589094
6,38.006077,23.796785,1405589100
6,38.005730,23.796043,1405589106
6,38.004505,23.794350,1405589112
6,38.004505,23.794350,1405589118
6,38.004505,23.794350,1405589124
6,38.004505,23.794350,1405589130
6,38.003162,23.792297,1405589136
6,38.003162,23.792297,1405589142
6,38.002644,23.791586,1405589148
6,38.002644,23.791586,1405589154
6,38.002342,23.790726,1405589160
6,38.002342,23.790726,1405589166
6,38.002216,23.790163,1405589172
6,38.002216,23.790163,1405589178
6,38.001587,23.788952,1405589184
6,38.001587,23.788952,1405589190
6,38.001587,23.788952,1405589196
6,38.001442,23.788374,1405589202
6,38.001442,23.788374,1405589208
6,38.001076,23.787746,1405589214
6,38.000881,23.787224,1405589220
6,37.999992,23.785324,1405589226
6,37.999992,23.785324,1405589232
6,37.999626,23.784883,1405589238
6,37.999626,23.784883,1405589244
6,37.999180,23.784254,1405589250
6,37.999180,23.784254,1405589256
6,37.998444,23.783422,1405589262
6,37.998444,23.783422,1405589268
6,37.998444,23.783422,1405589274
6,37.998444,23.783422,1405589280
6,37.998444,23.783422,1405589286
6,37.998123,23.783020,1405589292
6,37.998123,23.783020,1405589298
6,37.997662,23.782604,1405589304
6,37.997662,23.782604,1405589310
6,37.997662,23.782604,1405589316
6,37.996784,23.781599,1405589322
6,37.996784,23.781599,1405589328
6,37.996120,23.780514,1405589334
6,37.996120,23.780514,1405589340
6,37.995560,23.779312,1405589346
6,37.995560,23.779312,1405589352
6,37.995228,23.778746,1405589358
6,37.995228,23.778746,1405589364
6,37.994843,23.778297,1405589370
6,37.994843,23.778297,1405589376
6,37.993881,23.776903,1405589382
6,37.993881,23.776903,1405589388
6,37.993881,23.776903,1405589394
6,37.993881,23.776903,1405589400
6,37.993881,23.776903,1405589406
6,37.993881,23.776903,1405589412
6,37.993881,23.776903,1405589418
6,37.993443,23.776396,1405589424
6,37.993443,23.776396,1405589430
6,37.993660,23.775875,1405589436
6,37.993660,23.775875,1405589442
6,37.993660,23.775875,1405589448
6,37.994331,23.775517,1405589454
6,37.994675,23.775002,1405589460
6,37.994675,23.775002,1405589466
6,37.995071,23.774645,1405589472
6,37.995415,23.774237,1405589478
6,37.995415,23.774237,1405589484
6,37.995720,23.773775,1405589490
6,37.995720,23.773775,1405589496
6,37.995720,23.773775,1405589502
6,37.996197,23.773272,1405589508
6,37.996197,23.773272,1405589515
6,37.996479,23.772661,1405589520
6,37.996479,23.772661,1405589526
6,37.996479,23.772661,1405589533
6,37.997200,23.771257,1405589538
6,37.997200,23.771257,1405589544
6,37.997200,23.771257,1405589550
6,37.997200,23.771257,1405589556
6,37.997437,23.772354,1405589562
6,37.997437,23.772354,1405589568
6,37.997910,23.772743,1405589574
6,37.998360,23.772984,1405589580
6,37.998360,23.772984,1405589586
6,37.998360,23.772984,1405589592
6,37.998360,23.772984,1405589598
6,37.998360,23.772984,1405589604
6,37.998360,23.772984,1405589610
6,37.998360,23.772984,1405589616
6,37.998360,23.772984,1405589623
6,37.998360,23.772984,1405589628
7,37.977667,23.729198,1405087594
7,37.977661,23.729362,1405087603
7,37.977638,23.729789,1405087612
7,37.977669,23.729921,1405087622
7,37.977672,23.729981,1405087632
7,37.977652,23.730103,1405087641
7,37.977574,23.730301,1405087650
7,37.977490,23.730549,1405087659
7,37.977596,23.730590,1405087671
7,37.977631,23.730583,1405087680
7,37.977629,23.730581,1405087688
7,37.977629,23.730580,1405087697
7,37.977644,23.730784,1405087706
7,37.977600,23.730973,1405087715
7,37.977549,23.731125,1405087724
7,37.977570,23.731198,1405087732
7,37.977510,23.731216,1405087741
7,37.977516,23.731211,1405087750
7,37.977518,23.731181,1405087759
7,37.977504,23.731225,1405087768
7,37.977544,23.731332,1405087776
7,37.977562,23.731306,1405087785
7,37.977557,23.731284,1405087794
7,37.977557,23.731283,1405087804
7,37.977557,23.731283,1405087813
7,37.977558,23.731283,1405087824
7,37.977557,23.731283,1405087834
7,37.977557,23.731283,1405087844
7,37.977527,23.731428,1405087852
7,37.977502,23.731625,1405087861
7,37.977532,23.731705,1405087872
7,37.977489,23.731795,1405087882
7,37.977479,23.731847,1405087893
7,37.977552,23.731860,1405087901
7,37.977570,23.731861,1405087912
7,37.977570,23.731861,1405087920
7,37.977503,23.731964,1405087929
7,37.977501,23.732211,1405087938
7,37.977492,23.732394,1405087946
7,37.977499,23.732413,1405087955
7,37.977495,23.732421,1405087964
7,37.977498,23.732419,1405087974
7,37.977496,23.732420,1405087983
7,37.977404,23.732585,1405087991
7,37.977419,23.732813,1405088000
7,37.977413,23.733025,1405088009
7,37.977412,23.733023,1405088018
7,37.977416,23.733014,1405088027
7,37.977416,23.733014,1405088037
7,37.977416,23.733015,1405088045
7,37.977416,23.733015,1405088054
7,37.977415,23.733339,1405088063
7,37.977594,23.733924,1405088072
7,37.977757,23.733986,1405088081
7,37.977901,23.734354,1405088090
7,37.978126,23.734443,1405088101
7,37.978246,23.734519,1405088111
7,37.978221,23.734582,1405088120
7,37.978179,23.734573,1405088130
7,37.978177,23.734572,1405088138
7,37.978177,23.734572,1405088147
7,37.978175,23.734572,1405088155
7,37.978125,23.734570,1405088164
7,37.978027,23.734651,1405088173
7,37.978097,23.734818,1405088181
7,37.978069,23.734874,1405088191
7,37.978061,23.734875,1405088200
7,37.978061,23.734875,1405088210
7,37.978223,23.734989,1405088219
7,37.978244,23.735071,1405088229
7,37.978239,23.735075,1405088237
7,37.978299,23.735287,1405088246
7,37.978307,23.735277,1405088254
7,37.978363,23.735376,1405088263
7,37.978321,23.735474,1405088273
7,37.978380,23.735538,1405088282
7,37.978506,23.735659,1405088292
7,37.978445,23.735629,1405088301
7,37.978577,23.735856,1405088309
7,37.978635,23.736048,1405088318
7,37.978612,23.736047,1405088328
7,37.978592,23.736052,1405088337
7,37.978803,23.736377,1405088345
7,37.978816,23.736392,1405088356
7,37.978829,23.736389,1405088364
7,37.978829,23.736388,1405088373
7,37.978473,23.736743,1405088382
7,37.978205,23.737026,1405088392
7,37.977974,23.737023,1405088401
7,37.978003,23.737180,1405088409
7,37.977614,23.737658,1405088418
7,37.976894,23.737651,1405088427
7,37.976623,23.737647,1405088439
7,37.976605,23.737619,1405088448
7,37.976596,23.737614,1405088459
7,37.976597,23.737618,1405088468
7,37.976597,23.737617,1405088477
7,37.976541,23.737617,1405088486
7,37.976052,23.737732,1405088494
7,37.975868,23.738300,1405088503
7,37.975741,23.739510,1405088513
7,37.975648,23.740387,1405088522
7,37.975589,23.740937,1405088531
7,37.975519,23.741570,1405088540
7,37.975521,23.741765,1405088550
7,37.975516,23.741755,1405088558
7,37.975532,23.741746,1405088567
7,37.975540,23.741744,1405088575
7,37.975558,23.742215,1405088584
7,37.975359,23.742770,1405088594
7,37.975300,23.742871,1405088605
7,37.975280,23.742919,1405088614
7,37.975280,23.742919,1405088621
7,37.975279,23.742934,1405088629
7,37.975279,23.742934,1405088639
7,37.975286,23.742985,1405088649
7,37.975401,23.743463,1405088659
7,37.975413,23.743506,1405088669
7,37.975398,23.743516,1405088680
7,37.975443,23.743690,1405088689
7,37.975504,23.744064,1405088700
7,37.975628,23.744451,1405088709
7,37.975662,23.744643,1405088717
7,37.975686,23.744735,1405088726
7,37.975683,23.744739,1405088734
7,37.975683,23.744740,1405088744
7,37.975708,23.744835,1405088755
7,37.975888,23.745604,1405088763
7,37.975938,23.746040,1405088773
7,37.976069,23.746519,1405088783
7,37.976150,23.746825,1405088793
7,37.976156,23.746808,1405088801
7,37.976158,23.746806,1405088811
7,37.976158,23.746809,1405088821
7,37.976173,23.746876,1405088830
7,37.976183,23.746894,1405088840
7,37.976276,23.747398,1405088851
7,37.976348,23.747683,1405088860
7,37.976363,23.747792,1405088869
7,37.976359,23.747817,1405088878
7,37.976359,23.747820,1405088888
7,37.976359,23.747819,1405088896
7,37.976360,23.747819,1405088905
7,37.976445,23.748347,1405088914
7,37.976419,23.748724,1405088924
7,37.976420,23.748729,1405088934
7,37.976424,23.748728,1405088945
7,37.976424,23.748729,1405088956
7,37.976424,23.748729,1405088965
7,37.976424,23.748729,1405088976
7,37.976396,23.748989,1405088987
7,37.976677,23.750140,1405088997
7,37.977512,23.751360,1405089008
7,37.977936,23.751887,1405089023
7,37.977939,23.751863,1405089038
7,37.978848,23.752930,1405089053
7,37.980263,23.754484,1405089065
7,37.981067,23.755242,1405089076
7,37.980935,23.755836,1405089086
7,37.980665,23.756069,1405089096
7,37.980666,23.756078,1405089105
7,37.980660,23.756076,1405089114
7,37.980660,23.756074,1405089123
7,37.980647,23.756077,1405089134
7,37.980646,23.756077,1405089144
7,37.980646,23.756077,1405089153
7,37.980646,23.756076,1405089163
7,37.980646,23.756077,1405089171
7,37.980646,23.756076,1405089180
7,37.980646,23.756076,1405089188
7,37.980646,23.756076,1405089197
7,37.980645,23.756076,1405089205
7,37.980645,23.756075,1405089215
7,37.980645,23.756075,1405089224
7,37.980645,23.756075,1405089233
7,37.980645,23.756075,1405089241
7,37.980645,23.756074,1405089250
7,37.980645,23.756074,1405089258
7,37.980644,23.756075,1405089267
7,37.980645,23.756075,1405089276
7,37.980644,23.756074,1405089284
7,37.980644,23.756074,1405089295
7,37.980643,23.756073,1405089303
7,37.980643,23.756073,1405089312
7,37.980643,23.756073,1405089320
7,37.980643,23.756073,1405089329
7,37.980643,23.756073,1405089337
7,37.980644,23.756072,1405089346
7,37.980643,23.756073,1405089355
7,37.980643,23.756073,1405089366
7,37.980643,23.756073,1405089375
7,37.980643,23.756073,1405089384
7,37.980643,23.756072,1405089393
7,37.980643,23.756072,1405089401
7,37.980643,23.756072,1405089410
7,37.980643,23.756071,1405089419
7,37.980642,23.756072,1405089428
7,37.980406,23.756047,1405089439
7,37.980180,23.756034,1405089448
7,37.980135,23.756061,1405089457
7,37.980804,23.756701,1405089469
7,37.981242,23.757883,1405089479
7,37.981657,23.759102,1405089490
7,37.982077,23.760917,1405089500
7,37.982742,23.761705,1405089510
7,37.983398,23.762439,1405089519
7,37.983849,23.763287,1405089527
7,37.984420,23.763792,1405089538
7,37.985337,23.764498,1405089546
7,37.985755,23.765221,1405089555
7,37.986417,23.765736,1405089564
7,37.986970,23.766311,1405089572
7,37.987562,23.766951,1405089581
7,37.988071,23.767337,1405089590
7,37.988688,23.767923,1405089601
7,37.989538,23.769293,1405089611
7,37.990002,23.769992,1405089624
7,37.990025,23.770002,1405089635
7,37.990093,23.770142,1405089643
7,37.990648,23.770894,1405089652
7,37.991349,23.772101,1405089661
7,37.991900,23.773359,1405089670
7,37.992507,23.775052,1405089691
7,37.992817,23.775893,1405089701
7,37.992222,23.776657,1405089710
7,37.992026,23.776753,1405089719
7,37.991978,23.776763,1405089729
7,37.991197,23.777036,1405089738
7,37.990888,23.777193,1405089747
7,37.990070,23.777800,1405089755
7,37.989082,23.778607,1405089765
7,37.987602,23.779868,1405089774
7,37.986380,23.781024,1405089786
7,37.985180,23.782003,1405089798
7,37.983980,23.782857,1405089807
7,37.982880,23.783725,1405089818
7,37.981373,23.784973,1405089827
7,37.979947,23.786168,1405089835
7,37.978435,23.787470,1405089844
7,37.977205,23.788465,1405089853
7,37.975767,23.789640,1405089861
7,37.974730,23.791349,1405089872
7,37.973683,23.793150,1405089881
7,37.972343,23.793464,1405089890
7,37.971946,23.792519,1405089899
7,37.973005,23.792668,1405089907
7,37.973924,23.794466,1405089916
7,37.975145,23.796216,1405089927
7,37.976681,23.798504,1405089936
7,37.976952,23.799891,1405089944
7,37.977034,23.800118,1405089953
7,37.977024,23.800124,1405089961
7,37.977049,23.800184,1405089970
7,37.977221,23.800735,1405089978
7,37.977957,23.802506,1405089987
7,37.978841,23.804366,1405089996
7,37.980703,23.806062,1405090007
7,37.983403,23.807115,1405090015
7,37.984482,23.808635,1405090024
7,37.985404,23.811106,1405090033
7,37.987020,23.813217,1405090043
7,37.989570,23.813869,1405090052
7,37.990851,23.814550,1405090061
7,37.991795,23.817272,1405090071
7,37.992643,23.820080,1405090081
7,37.993164,23.820962,1405090090
7,37.995361,23.823779,1405090098
7,37.995843,23.824426,1405090108
7,37.998140,23.827269,1405090117
7,37.999258,23.828713,1405090125
7,37.999258,23.828713,1405090134
7,38.001632,23.833438,1405090142
7,38.001729,23.833690,1405090151
7,38.001729,23.833690,1405090159
7,38.001729,23.833690,1405090168
7,38.007613,23.837049,1405090176
7,38.008270,23.837114,1405090185
7,38.009252,23.840753,1405090194
7,38.008514,23.842943,1405090203
7,38.006577,23.843700,1405090211
7,38.004819,23.844679,1405090220
7,38.003034,23.845955,1405090228
7,38.001409,23.845837,1405090237
7,37.999559,23.844090,1405090247
7,37.997854,23.843880,1405090256
7,37.996504,23.846335,1405090266
7,37.997011,23.849044,1405090275
7,37.997536,23.851620,1405090284
7,37.997561,23.854196,1405090294
7,37.997256,23.857266,1405090303
7,37.996985,23.859529,1405090312
7,37.996700,23.862012,1405090320
7,37.996362,23.864317,1405090329
7,37.996059,23.866570,1405090337
7,37.995669,23.869048,1405090346
7,37.994876,23.871296,1405090356
7,37.993125,23.872425,1405090366
7,37.990786,23.871888,1405090377
7,37.987559,23.870810,1405090389
7,37.984698,23.869894,1405090398
7,37.982218,23.869570,1405090406
7,37.980000,23.870248,1405090416
7,37.977490,23.872328,1405090426
7,37.975250,23.874681,1405090437
7,37.972807,23.877244,1405090455
7,37.968557,23.881648,1405090465
7,37.966121,23.883699,1405090477
7,37.963108,23.885272,1405090488
7,37.959780,23.886095,1405090497
7,37.956673,23.886143,1405090506
7,37.954246,23.886096,1405090514
7,37.951610,23.886117,1405090523
7,37.949458,23.886112,1405090532
7,37.947127,23.886152,1405090543
7,37.944399,23.886135,1405090564
7,37.938977,23.886134,1405090575
7,37.935424,23.886135,1405090584
7,37.932582,23.886322,1405090592
7,37.929779,23.886864,1405090606
7,37.926075,23.888085,1405090618
7,37.923156,23.889433,1405090629
7,37.919997,23.891261,1405090641
7,37.916546,23.893318,1405090650
7,37.914191,23.894727,1405090662
7,37.911055,23.896799,1405090675
7,37.908173,23.898325,1405090688
7,37.905952,23.900626,1405090698
7,37.907003,23.902711,1405090706
7,37.908607,23.903819,1405090716
7,37.910032,23.906412,1405090726
7,37.911560,23.909536,1405090737
7,37.912880,23.912958,1405090746
7,37.913696,23.916726,1405090757
7,37.914401,23.920265,1405090769
7,37.915682,23.924101,1405090779
7,37.917890,23.926971,1405090788
7,37.919916,23.928934,1405090796
7,37.921681,23.930614,1405090805
7,37.924281,23.933106,1405090817
7,37.925996,23.934743,1405090825
7,37.927518,23.936171,1405090834
7,37.928818,23.937390,1405090846
7,37.930561,23.939113,1405090858
7,37.932801,23.941335,1405090867
7,37.934076,23.942918,1405090880
7,37.934498,23.944435,1405090893
7,37.935115,23.945217,1405090901
7,37.935562,23.945657,1405090911
7,37.936046,23.946140,1405090921
7,37.936384,23.946446,1405090930
7,37.936695,23.946747,1405090942
7,37.937046,23.947156,1405090951
7,37.937045,23.947169,1405090960
7,37.937047,23.947174,1405090969
7,37.937047,23.947174,1405090979
8,38.054737,23.826319,1405587976
8,38.054737,23.826319,1405587985
8,38.054718,23.826356,1405587993
8,38.054549,23.826475,1405588001
8,38.053987,23.825931,1405588010
8,38.053361,23.825368,1405588019
8,38.053012,23.825072,1405588028
8,38.052905,23.825176,1405588040
8,38.052652,23.826902,1405588048
8,38.052322,23.828103,1405588071
8,38.051290,23.831485,1405588080
8,38.051282,23.831553,1405588088
8,38.051282,23.831553,1405588091
8,38.051156,23.832560,1405588104
8,38.051100,23.833714,1405588111
8,38.051109,23.834692,1405588121
8,38.051135,23.835851,1405588131
8,38.051242,23.837036,1405588141
8,38.051416,23.837750,1405588156
8,38.051418,23.839080,1405588161
8,38.050204,23.839623,1405588171
8,38.049011,23.839752,1405588183
8,38.047544,23.839833,1405588191
8,38.046788,23.839377,1405588201
8,38.046779,23.839354,1405588213
8,38.046779,23.839354,1405588221
8,38.046779,23.839354,1405588231
8,38.046779,23.839354,1405588243
8,38.046705,23.839343,1405588251
8,38.045983,23.840270,1405588261
8,38.044970,23.841873,1405588271
8,38.044083,23.843635,1405588281
8,38.043022,23.845357,1405588291
8,38.042110,23.847023,1405588303
8,38.041551,23.848069,1405588311
8,38.040741,23.849235,1405588321
8,38.039615,23.850419,1405588333
8,38.038430,23.851519,1405588341
8,38.037146,23.852731,1405588351
8,38.035878,23.854162,1405588371
8,38.034659,23.855761,1405588371
8,38.033793,23.856894,1405588381
8,38.033065,23.856978,1405588393
8,38.032024,23.856383,1405588401
8,38.030851,23.855474,1405588411
8,38.029952,23.854710,1405588424
8,38.029347,23.853643,1405588431
8,38.028726,23.852382,1405588441
8,38.027956,23.851814,1405588451
8,38.027139,23.851231,1405588463
8,38.026564,23.850730,1405588471
8,38.025992,23.850072,1405588483
8,38.025513,23.849727,1405588492
8,38.025255,23.849587,1405588501
8,38.024523,23.849103,1405588511
8,38.023830,23.848778,1405588521
8,38.022997,23.848319,1405588531
8,38.022165,23.847800,1405588543
8,38.021486,23.847311,1405588551
8,38.020592,23.846609,1405588561
8,38.019522,23.846068,1405588571
8,38.018721,23.845805,1405588581
8,38.018521,23.845725,1405588591
8,38.017828,23.845263,1405588603
8,38.017211,23.844893,1405588611
8,38.016415,23.844436,1405588621
8,38.015427,23.844126,1405588633
8,38.014540,23.843819,1405588641
8,38.014298,23.843715,1405588651
8,38.013968,23.843586,1405588664
8,38.013734,23.843285,1405588671
8,38.013178,23.843215,1405588682
8,38.012252,23.843185,1405588691
8,38.011437,23.843305,1405588704
8,38.010663,23.843460,1405588711
8,38.009739,23.842785,1405588723
8,38.009806,23.842108,1405588731
8,38.009760,23.840402,1405588741
8,38.009530,23.838497,1405588769
8,38.008888,23.837138,1405588769
8,38.009035,23.836812,1405588779
8,38.008433,23.835796,1405588791
8,38.007845,23.834862,1405588799
8,38.007187,23.833968,1405588812
8,38.006652,23.833922,1405588819
8,38.006049,23.833360,1405588829
8,38.005153,23.832326,1405588842
8,38.004553,23.831622,1405588849
8,38.004524,23.831582,1405588860
8,38.004321,23.831373,1405588927
8,38.005751,23.828356,1405588928
8,38.005817,23.828269,1405588938
8,38.005834,23.828252,1405588948
8,38.006097,23.827981,1405588960
8,38.006541,23.827557,1405588968
8,38.007019,23.827026,1405588978
8,38.007343,23.826711,1405588989
8,38.007594,23.826460,1405588998
8,38.008113,23.826134,1405589008
8,38.008605,23.825761,1405589018
8,38.009047,23.825414,1405589029
8,38.009631,23.824894,1405589038
8,38.010118,23.824439,1405589051
8,38.010469,23.824094,1405589058
8,38.010763,23.823731,1405589068
8,38.010951,23.823507,1405589079
8,38.011279,23.823127,1405589088
8,38.011564,23.822850,1405589098
8,38.011836,23.822589,1405589108
8,38.012253,23.822193,1405589118
8,38.012240,23.822158,1405589128
8,38.012326,23.822062,1405589139
8,38.012436,23.821972,1405589186
8,38.013108,23.821800,1405589186
9,37.953066,23.735606,1405587697
9,37.953009,23.735593,1405587707
9,37.953195,23.736224,1405587717
9,37.953433,23.736926,1405587727
9,37.953450,23.737670,1405587738
9,37.953265,23.738654,1405587748
9,37.953527,23.738746,1405587758
9,37.953308,23.738820,1405587768
9,37.953319,23.738782,1405587778
9,37.953520,23.738728,1405587787
9,37.953681,23.739022,1405587798
9,37.954530,23.739160,1405587808
9,37.956386,23.738891,1405587818
9,37.957037,23.738483,1405587828
9,37.956751,23.738623,1405587838
9,37.957109,23.738579,1405587848
9,37.958090,23.738218,1405587858
9,37.958981,23.737785,1405587868
9,37.959762,23.737327,1405587878
9,37.960813,23.736862,1405587888
9,37.962113,23.735860,1405587898
9,37.963503,23.734914,1405587908
9,37.964694,23.733980,1405587918
9,37.965675,23.733457,1405587928
9,37.965588,23.733301,1405587938
9,37.965579,23.733270,1405587948
9,37.965566,23.733313,1405587958
9,37.965564,23.733315,1405587968
9,37.965563,23.733322,1405587978
9,37.965526,23.733276,1405587989
9,37.965432,23.733125,1405587999
9,37.965294,23.732922,1405588009
9,37.965330,23.732851,1405588019
9,37.965344,23.732843,1405588029
9,37.965293,23.732778,1405588039
9,37.965296,23.732795,1405588049
9,37.965296,23.732795,1405588059
9,37.965296,23.732795,1405588069
9,37.965296,23.732795,1405588079
9,37.965296,23.732795,1405588089
9,37.965296,23.732795,1405588099
9,37.965345,23.732741,1405588109
9,37.965360,23.732716,1405588119
9,37.965359,23.732706,1405588129
9,37.965362,23.732707,1405588139
9,37.965363,23.732677,1405588150
9,37.965369,23.732666,1405588160
9,37.965367,23.732665,1405588170
9,37.965366,23.732664,1405588180
9,37.965366,23.732664,1405588190
9,37.965367,23.732664,1405588200
9,37.965367,23.732664,1405588210
9,37.965367,23.732664,1405588220
9,37.965367,23.732664,1405588230
9,37.965367,23.732664,1405588240
9,37.965367,23.732664,1405588250
9,37.965367,23.732664,1405588260
9,37.965367,23.732664,1405588270
9,37.965367,23.732664,1405588280
9,37.965367,23.732664,1405588290
9,37.965367,23.732664,1405588300
9,37.965367,23.732664,1405588310
9,37.965367,23.732664,1405588320
9,37.965367,23.732664,1405588330
9,37.965366,23.732662,1405588340
9,37.966104,23.731993,1405588350
9,37.966193,23.731925,1405588360
9,37.966014,23.731937,1405588370
9,37.966100,23.731828,1405588380
9,37.966136,23.731916,1405588390
9,37.965943,23.732123,1405588400
9,37.965927,23.732022,1405588410
9,37.966823,23.731732,1405588420
9,37.967018,23.731652,1405588430
9,37.966201,23.731989,1405588441
9,37.966027,23.731923,1405588451
9,37.963705,23.732530,1405588461
9,37.963705,23.732530,1405588471
9,37.963705,23.732530,1405588481
9,37.963705,23.732530,1405588491
9,37.963705,23.732530,1405588501
9,37.963705,23.732530,1405588511
9,37.963705,23.732530,1405588521
9,37.968053,23.730544,1405588531
9,37.967438,23.730404,1405588541
9,37.967376,23.730307,1405588551
9,37.967349,23.730243,1405588561
9,37.967349,23.730235,1405588571
9,37.967349,23.730235,1405588581
9,37.967348,23.730235,1405588591
9,37.967345,23.730240,1405588601
9,37.967445,23.729832,1405588611
9,37.967666,23.729056,1405588621
9,37.967987,23.728256,1405588632
9,37.968190,23.727493,1405588641
9,37.968579,23.726776,1405588651
9,37.968840,23.725827,1405588661
9,37.969206,23.724863,1405588671
9,37.969592,23.723868,1405588682
9,37.969731,23.723192,1405588692
9,37.969754,23.723101,1405588701
9,37.969754,23.723109,1405588711
9,37.969751,23.723106,1405588722
9,37.969752,23.723106,1405588732
9,37.969752,23.723105,1405588742
9,37.969873,23.722723,1405588752
9,37.969949,23.722461,1405588762
9,37.969687,23.722401,1405588772
9,37.969647,23.722431,1405588782
